jackpot,title,bonus,coins_range,volatility,slot_reels,software
Classic Slot,Golden Caravan Slot Review,Starts at 10 Free Spins / Starts with 2x Multiplier,0.01 - 2.00,High,5 Reels / 10 Paylines,Mobile Classic Slot by Play'nGo
Video Slot,Sails of Gold Slot Review,Starts at 10 Free Spins / No Multipliers,0.01 - 2.00,Low/Medium,5 Reels / 10 Paylines,Mobile Video Slot by Play'nGo
Video Slot,Jimi Hendrix Slot Review,"Up to 12 Free Spins / Wild Reels, or Extra Wilds",0.01 - 1.00,Medium,5 Reels / 20 Paylines,Mobile Video Slot by NetEnt
Video Slot,King Kong (NextGen) Slot Review,"Free Spins, Mystery Prizes, Expanded Wild",0.01 - 2.00,Medium/High,5 Reels / 25 Paylines,Mobile Video Slot by NextGen
Video Slot,Jason’s Quest Slot Review,Up to 10 Free Spins / 3x Multiplier or Instant Wins,0.01 - 2.00,Low/Medium,5 Reels / 25 Paylines,Mobile Video Slot by Genesis
Video Slot,More Monkeys Slot Review,"Wilds, Scatters, Free Spins, 3 Jackpots",0.01 - 1.25,Low/Medium,5 Reels / 1024 Ways to Win,Mobile Video Slot
Video Slot,Neon Reels Slot Review,10 Free Spins / Up to 3x Multiplier on the Wild,0.01 - 1.00,Low/Medium,Progressive - a few hundreds to a few thousands,Mobile Video Slot by iSoftBet
Video Slot,The Rift Slot Review,"Re-spins, Extra Wilds, Sticky Wilds, Free Spins, Scatters",0.10 / 100,Low/Medium,5 Reels / 17 Paylines,Mobile Video Slot by Thunderkick
Video Slot,Wizard of Oz Ruby Slippers Slot Review,"Free Spins, Multipliers, Instant Cash, Click Me Bonus",0.30 - 1.00,Medium/High,3 Reels / 30 Paylines,Mobile Video Slot by WMS
Video Slot,1429 Uncharted Seas Slot Review,"Expanding Wilds, Free Spins",0.10 / 100,Low/Medium,5 Reels / 25 Paylines,Mobile Video Slot by Thunderkick
Video Slot,A Dragon’s Story Slot Review,10 Free Spins / 2x Multipliers,0.01 - 2.00,Low/Medium,5 Reels / 25 Paylines,Mobile Video Slot by NextGen
Video Slot,Witch Pickings Slot Review,"Wilds, Scatters, Free Spins, Multipliers, Symbol Prizes",40 / 80,0.01 - 2.00,5 Reels / 25 Paylines,Mobile Video Slot by NextGen
Video Slot,The Wild Chase Slot Review,10 Free Spins / 1x Guaranteed Wild on Each Spin,0.01,Low/Medium,5 Reels / 25 Paylines,Mobile Video Slot by Quickspin
Video Slot,Aloha Cluster Pays Slot Review,Up to 12 Free Spins / Lower symbols removed,0.01 - 2.00,Low/Medium,6 Reels / All Ways Pay,Mobile Video Slot by NetEnt
Video Slot,Potion Factory Slot Review,"Free Spins, Expanded Wilds, Sticky Wilds, Instant cash, Click Me Bonus",0.01 - 0.50,Medium/High,5 Reels / 40 Paylines,Mobile Video Slot by Leander Games
Video Slot,Bar Bar Black Sheep Slot Review,Up to 20 Free Spins / 3x Multiplier,0.01 - 0.50,Low,5 Reels / 15 Paylines,Mobile Video Slot by Microgaming
Video Slot,Cloud Quest Slot Review,"Free Spins, Wilds, Multipliers, Scatters, Instant Cash",0.10 / 100 (not at all casinos),Low/Medium,5 Reels / All Ways Pay,Mobile Video Slot by Play'nGo
Video Slot,Rainbow Riches Pick n Mix Slot Review,Up to 30 Free Spins / No Multipliers,0.01 - 25,Low/Medium,5 Reels / 20 Paylines,Mobile Video Slot by WMS
Video Slot,Toki Time Slot Review,"Expanded Wilds, Re-spins, Pays Both Ways",0.10 / 200,Low/Medium,5 Reels / 10 Paylines,Mobile Video Slot by Thunderkick
Video Slot,Fruit Warp Slot Review,"Fruit Warping, & Fruit Modes",0.10 / 100,Medium,5 Reels / All Ways Pay,Mobile Video Slot by Thunderkick
Video Slot,Wild Orient Slot Review,15 Free Spins / 3x Multipliers,0.01 - 0.50,Medium,5 Reels / 243 Paylines,Mobile Video Slot by Microgaming
Classic Slot,MegaJackpots Isle O’Plenty Slot Review,Up to 24 Free Spins / Guaranteed Wild Rush,Low,9.01% - 7.03%%,"Seeds 500,000, Goes up to about 800,000 to 1 Million usually",Mobile Classic Slot by IGT
Video Slot,Frogs ‘n Flies Slot Review,"Wilds, Scatters, Free spins",0.01 - 0.10,Medium,5 Reels / 1024 Ways to Win,Mobile Video Slot
Video Slot,Samba Carnival Slot Review,None,0.01 - 0.25,Medium,5 Reels / 15 Paylines,Mobile Video Slot by Play'nGo
Video Slot,Dragon Dance Slot Review,15 Free Spins / 3x Multipliers,0.01 - 0.50,Medium,5 Reels / 243 Paylines,Mobile Video Slot by Microgaming
Video Slot,Bikini Party Slot Review,15 Free Spins / 3x Multiplier,0.01 - 0.50,Medium,5 Reels / 243 Paylines,Mobile Video Slot by Microgaming
Classic Slot,Hot Roll Super Times Pay Slot Review,"Wilds, Multipliers, Dice Round",0.01 - 10,Low,3 Reels / 20 Paylines,Mobile Classic Slot by IGT
Video Slot,Fantasini Master of Mystery Slot Review,No Free Spins or Multipliers,0.01 - 0.05,Medium/High,5 Reels / 243 Paylines,Mobile Video Slot by NetEnt
Video Slot,Epic Monopoly II Slot Review,Up to 20 Free Spins / Transfering Wilds,0.01 - 1.00,Low/Medium,5 Reels / 100 Paylines,Mobile Video Slot by WMS
Video Slot,Genies Touch Slot Review,10 Free Spins / More Wilds and Lamps,0.01 - 5.00,Low/Medium,5 Reels / 20 Paylines,Mobile Video Slot by Quickspin
Video Slot,Cash Cave Slot Review,Up to 15 Free Spins / Increasing Multipliers,0.01 - 0.75,Medium/High,5 Reels / 100 Paylines,Mobile Video Slot
Video Slot,Drive Multiplier Mayhem Slot Review,Starts with 10 Free Spins / Wild Overlays,0.01 - 0.50,High,5 Reels / 15 Paylines,Mobile Video Slot by NetEnt
Video Slot,Clash of Queens Slot Review,Up to 8 Free Spins / Expanding Wilds,0.01 - 10,Low/Medium,5 Reels / 25 Paylines,Mobile Video Slot by Genesis
Video Slot,Action Bank Slot Review,Up to 30 free spins / Double symbols,0.01 - 20,Medium,5 Reels / 20 Paylines,Mobile Video Slot by Barcrest
Video Slot,Nemo’s Voyage Slot Review,"Multipliers, Free Spins, Stacked Wilds, Wild Reels",0.01 - 5.00,Medium,5 Reels / 40 Paylines,Mobile Video Slot by WMS
Video Slot,Little Red Riding Reels Slot Review,,0.75 / 99,0.05 - 6.60,5 Reels / 15 Paylines,Mobile Video Slot by mFortune
Video Slot,Guns n Roses Slot Review,10 Free Spins / Stacked wild covers 1 reel on every spin,0.01 - 1.00,Medium,5 Reels / 20 Paylines,Mobile Video Slot by NetEnt
Video Slot,Rich Wilde and The Book of Dead Slot Review,10 Free Spins / Random Expanding Scatter Symbol,0.01 - 2.00,High,5 Reels / 10 Paylines,Mobile Video Slot by Play'nGo
Video Slot,Untamed Giant Panda Slot Review,10 Free Spins / Sticky Wilds,0.01 - 0.05,Low,5 Reels / 243 Paylines,Mobile Video Slot by Microgaming
Video Slot,Nordic Heroes Slot Review,Unlimited / Wild Multipliers,0.01 - 20.00,Low/Medium,5 Reels / 30 Paylines,Mobile Video Slot by IGT
Video Slot,Roaming Reels Slot Review,Up to 20 Free Spins / Further Stacked Wilds,0.01 - 0.75,High,5 Reels / 100 Paylines,Mobile Video Slot
Video Slot,DJ Wild Slot Review,"Expanding wilds with re-spins, win both ways",0.25 / 100,Medium,5 Reels / 10 Paylines,Mobile Video Slot
January 2015,Pixie Gold Slot Review,1 Free Re-spins / Richer Reels,0.01 - 2.00,Low,5 Reels / 1024 Ways to Win,Mobile Video Slot
Video Slot,Spin Sorceress Slot Review,10 Free Spins / Guaranteed Wild on Every Spin,0.01 - 2.00,High,5 Reels / 243 Paylines,Mobile Video Slot by NextGen
Video Slot,Rocket Returns Slot Review,"Wilds, Free Spins, Multipliers",0.15 / 150,Low/Medium,3 Reels / All Ways Pay,Mobile Video Slot by WMS
"Over 1,000 times your bet",Purple Hot Slot Review,None,0.05 / 25,0.01 - 5.00,5 Reels / 5 Paylines,Mobile Video Slot by Playtech
Video Slot,Wishing You Fortune Slot Review,Up to 25 Free Spins / up to 30x Multiplier,Medium/High,4%,Non-Progressive,Mobile Video Slot by WMS
Video Slot,Life of Brian Slot Review,,0.30 / 999.90,0.01 - 33.33,5 Reels / 30 Paylines,Mobile Video Slot by Playtech
Video Slot,Chilli Gold Slot Review,Up to 21 Free Spins / Increasing Stacked Wilds,0.01 - 1.00,Medium,5 Reels / 40 Paylines,Mobile Video Slot
Video Slot,Mustang Money Slot Review,10 free spins / Up to 10x multipliers,0.01 - 0.75,High,5 Reels / 100 Paylines,Mobile Video Slot
From a few hundred to tens of thousands,X-Men 50 Lines Slot Review,,0.50 / 50,0.01 - 1.00,5 Reels / 50 Paylines,Mobile Video Slot by Playtech
Video Slot,Birds on a Wire Slot Review,"Wilds, Scatters, Cascading Reels, Multipliers,",0.10 / 100,Medium/High,5 Reels / 17 Paylines,Mobile Video Slot by Thunderkick
Over 1 million,Jackpot Giant Slot Review,,0.50 / 4,0.01 - 0.08,5 Reels / 50 Paylines,Mobile Video Slot by Playtech
Video Slot,Wizard of Gems Slot Review,10 Free Spins / Wilds on every spin,0.01 - 5.00,Medium,5 Reels / 20 Paylines,Mobile Video Slot by Play'nGo
Video Slot,Second Strike Slot Review,None,0.01 - 10.00,Medium,5 Reels / 10 Paylines,Mobile Video Slot by Quickspin
Video Slot,Family Guy Slot Review,Start at 10 Free Spins / Earn Extra Wilds,0.01 - 30,Medium,5 Reels / 30 Paylines,Mobile Video Slot by IGT
Video Slot,James Dean Slot Review,Starts at 10 Free Spins / Up to 5x Multipliers,0.01 - 2.00,Medium/High,5 Reels / 25 Paylines,Mobile Video Slot by NextGen
Video Slot,Dragon Lines Slot Review,10 Free Spins / Richer Reels,0.01 - 0.75,Medium,5 Reels / 100 Paylines,Mobile Video Slot
Video Slot,Lucky Koi Slot Review,Up to 30 Free Spins / Up to 5x Multiplier,0.01 - 0.10,Medium,5 Reels / 25 Paylines,Mobile Video Slot by Microgaming
Video Slot,Happy Holidays Slot Review,10 Free Spins / 1024 Ways to Win,0.01 - 0.10,Medium/High,5 Reels / 243 Paylines,Mobile Video Slot by Microgaming
Video Slot,So Much Sushi Slot Review,Up to 16 Free Spins / 1 high paying symbol,0.01 - 0.20,Low/Medium,5 Reels / 25 Paylines,Mobile Video Slot by Microgaming
5 Reels / 25 Paylines,So Many Monsters Slot Review,"Wilds, Scatters, Free Spins",0.25 / 100,0.01 - 0.20,4% to 3%,Mobile Video Slot by Microgaming
Video Slot,The Riches of Don Quixote Slot Review,,0.25 / 25,0.01 - 1.00,5 Reels / 25 Paylines,Mobile Video Slot by Playtech
Video Slot,Koi Princess Slot Review,Starts at 10 Free Spins / Multiple Bonus Features,0.01 - 1.00,Low,5 Reels / 20 Paylines,Mobile Video Slot by NetEnt
Video Slot,Texas Tea Slot Review,None,0.01 - 30,Low,5 Reels / 9 Paylines,Mobile Video Slot by IGT
Video Slot,So Much Candy Slot Review,Up to 16 Free Spins / 1 high paying symbol,0.01 - 0.20,Low/Medium,5 Reels / 25 Paylines,Mobile Video Slot by Microgaming
Video Slot,Moon Shadow Slot Review,Stars at 10 Free Spins / 1 Symbol Picked as Wild,0.01 - 5.00,Medium,5 Reels / 20 Paylines,Mobile Video Slot by WMS
Video Slot,Sherlock Holmes: The Hunt for Blackwood Slot Review,,0.60 / 600,Medium,5 Reels / 30 Paylines,Mobile Video Slot by IGT
Video Slot,Monopoly Once Around Deluxe Slot Review,None,0.01 - 5.00,Medium,5 Reels / 15 Paylines,Mobile Video Slot by WMS
Classic Slot,Xmas Joker Slot Review,10 Free Spins / Mystery Prizes,0.02 - 20,Medium,3 Reels / 5 Paylines,Mobile Classic Slot by Play'nGo
Classic Slot,Aftershock Frenzy Slot Review,Up to 7 Free Spins / Guaranteed win on each spin,0.05 - 20.00,Low/Medium,3 Reels / 5 Paylines,Mobile Classic Slot by WMS
Video Slot,Hexbreaker 2 Slot Review,"Stacked Wilds, Scatters, and Free Spins,",0.01 - 10,Medium,5 Reels / 720 Ways to Win,Mobile Video Slot by IGT
Video Slot,Jack’s Beanstalk Slot Review,Starts at 3 Free Spins / Growing Wilds,0.01 - 2.00,Medium/High,5 Reels / 25 Paylines,Mobile Video Slot by NextGen
5 Reels / 40 Paylines,Cat Queen Slot Review,,"16,000",0.40 / 14,Low,Mobile Video Slot by Playtech
Video Slot,Basketball Star Slot Review,"Stacked Wilds, Wild Reels, 25 Free Spins, Cascading Reels",0.01 - 0.10,Medium,5 Reels / 243 Paylines,Mobile Video Slot by Microgaming
Video Slot,Cherry Love Slot Review,"Expanded Wilds, Scatters, Free Spins,",0.30 / 30,0.01 - 1.00,5 Reels / 30 Paylines,Mobile Video Slot by Playtech
Video Slot,Sinbad’s Golden Voyage Slot Review,,0.50 / 200,Medium,5 Reels / 1 Payline,Mobile Video Slot by Playtech
Video Slot,Crazy 7 Slot Review,,None,1999.95,3 Reels / 1 Payline,Mobile Video Slot by Playtech
Video Slot,King of Slots Slot Review,Up to 30 Free Spins / 3X Multiplier,0.01 -,Medium/High,5 Reels / 25 Paylines,Mobile Video Slot by NetEnt
Video Slot,Rage to Riches Slot Review,10 Free Spins / Up to 10x Multiplier,0.01 - 1.00,Low/Medium,5 Reels / 20 Paylines,Mobile Video Slot by Play'nGo
Video Slot,Pyramid Quest for Immortality Slot Review,Avalanche Features / Up to 10x Multipliers,0.01 - 2.00,High,5 Reels / 720 Ways to Win,Mobile Video Slot by NetEnt
Video Slot,Funky Fruits Slot Review,Collapsing Symbols,1 / 10,Low/Medium,"Over 500,000 thousand",Mobile Video Slot by Playtech
Video Slot,Golden Era Slot Review,12 Free Spins / Embracing Wild Reels,0.01 - 0.20,Medium,5 Reels / 15 Paylines,Mobile Video Slot by Microgaming
Video Slot,Red Baron Slot Review,"Wilds, Scatters, Free Spins, Multipliers",0.01 - 2.00,Medium/High,5 Reels / 243 Paylines,Mobile Video Slot by Aristocrat
Video Slot,Happy Halloween Slot Review,10 Free Spins / Increasing Stacked Wilds,0.01 - 0.40,Medium/High,5 Reels / 50 Paylines,Mobile Video Slot by Play'nGo
Video Slot,Viking Storm Slot Review,9 Free Spins / No Multipliers,0.02 - 25,Low,A Few Thousands - sometimes 10s of thousands,Mobile Video Slot by mFortune
Video Slot,Bonus Bears Slot Review,,0.25 / 25,0.01 - 1.00,5 Reels / 25 Paylines,Mobile Video Slot by Playtech
Video Slot,Arctic Treasure Slot Review,"Wilds, Scatters, Free Spins, Click Me Bonus",0.20 / 100,0.01 - 5.00,5 Reels / 20 Paylines,Mobile Video Slot by Playtech
Video Slot,Treasure Island Slot Review,"Stacked Wilds, Click Me Bonus, Free Spins, Sticky Wilds, Extra Wilds",0.50 / 100,Low,5 Reels / 40 Paylines,Mobile Video Slot by Quickspin
Video Slot,Big Ben Slot Review,Up to 25 Free Spins / 2x Multiplier,0.01 - 2.00,Medium,5 Reels / 25 Paylines,Mobile Video Slot by Aristocrat
Video Slot,Silver Bullet Slot Review,"Wilds, Scatters, Pay Both Ways",0.09 / 9,0.01 - 1.00,3 Reels / 9 Paylines,Mobile Video Slot by Playtech
Video Slot,Zeus 1000 Slot Review,Up to 30 Free Spins / Additional Zeus symbols on reels,0.01 - 5.00,Medium,5 Reels / 100 Paylines,Mobile Video Slot by WMS
Video Slot,Cash Stampede Slot Review,Starts at 8 Free Spins / Sticky wild in centre of reels,0.01 - 2.00,Medium/High,5 Reels / 243 Paylines,Mobile Video Slot by NextGen
Video Slot,Eye of the Kraken Slot Review,9 Free Spins / 2 Extra Symbols,0.01 - 10.00,Low,3 Reels / 8 Paylines,Mobile Video Slot by Play'nGo
Video Slot,Holmes And The Stolen Stones Slot Review,"24,000",Low/Medium,3.2%,"5 jackpots hitting an average of 100 to 30,000",Mobile Video Slot by Yggdrasil
Video Slot,Hook’s Heroes Slot Review,Up to 15 Free Spins / Multiple Bonus Features,0.01 - 1.00,Medium,5 Reels / 20 Paylines,Mobile Video Slot by NetEnt
5 Reels / 10 Paylines,Columbus Deluxe Slot Review,,"250,000",0.10 / 500,Low,Mobile Video Slot by Novomatic
Video Slot,Pacific Paradise Slot Review,10 Free Spins / Richer Reels,0.01 - 5.00,High,5 Reels / 720 Ways to Win,Mobile Video Slot by IGT
Video Slot,Fortunate 5 Slot Review,Unlimited Free Spins / End With Wild Storm Feature,0.02 - 0.40,Medium/High,"Upwards of 6,000",Mobile Video Slot by Playtech
Video Slot,Bier Fest Slot Review,"Scatters, Wilds, Stacked Wilds, Free Spins, Instant Cash",0.01 - 1.00,Low/Medium,5 Reels / 25 Paylines,Mobile Video Slot by Genesis
Video Slot,Double Buffalo Spirit Slot Review,,0.40 / 100,Medium,5 Reels / 1024 Ways to Win,Mobile Video Slot by WMS
Video Slot,Vikings Go Wild Slot Review,"25,000",Medium/High,3.7%,"12,500",Mobile Video Slot by Yggdrasil
Video Slot,Gold Blast Slot Review,"10,000",Low/Medium,3.3%,A few thousand at most,Mobile Video Slot by mFortune
Video Slot,Samba de Frutas Slot Review,"5 Free Spins / More Wilds, More Spins",0.01 - 10,Medium,5 Reels / 100 Paylines,Mobile Video Slot by IGT
Video Slot,Wild North Slot Review,Multiple Free Spins / Multiple Bonus Features,0.01 - 5.00,Medium,5 Reels / 40 Paylines,Mobile Video Slot by Play'nGo
From 1 to 5 Thousand,Quest for Fire Slot Review,"Click Me Bonus, Free Spins, Wilds",0.30 / 75,2 - 5,5 Reels / 15 Paylines,Mobile Video Slot by mFortune
Video Slot,Rainforest Dream Slot Review,"Replicating Wilds, Stacked Wilds, Free Spins, Big Bet",0.01 - 25,Medium,5 Reels / 40 Paylines,Mobile Video Slot by WMS
Video Slot,Taco Brothers Slot Review,,"150,000 coins",0.10 / 50,5 Reels / 243 Paylines,Mobile Video Slot
Video Slot,Rugby Star Slot Review,"Scatter Symbols, Stacked Wilds, Wild Pass Feature, Free Spins",0.50 / 50,0.01 - 0.10,5 Reels / 243 Paylines,Mobile Video Slot by Microgaming
Video Slot,Machine Gun Unicorn Slot Review,"Pays both ways, Wilds that destroys zombies",0.01 - 25,Low/Medium,5 Reels / 10 Paylines,Mobile Video Slot by Genesis
Video Slot,Mr Green Moonlight Slot Review,10 Free Spins / up to 5x Multipliers,0.01 - 0.50,Medium,5 Reels / 20 Paylines,Mobile Video Slot by NetEnt
5 Reels / 50 Paylines,Crown Gems Slot Review,Increase paylines by betting more,0.10 / 500,0.01 - 50,4.95% - 3.92%,Mobile Video Slot by Barcrest
Video Slot,Super Monopoly Money Slot Review,Usually between 8 to 15 free spins,0.01 - 3.00,Medium/High,5 Reels / 25 Paylines,Mobile Video Slot by WMS
5 Reels / 40 Paylines,Dolphin Gold Slot Review,"Stacked Wilds, Free Spins, Multipliers",0.40 / 80,0.01 - 2.00,4.69%,Mobile Video Slot
Video Slot,Crystal Queen Slot Review,10 Free Spins / 56 Paylines & Pays Both Ways,0.01 - 2.00,Low/Medium,5 Reels / 20 Paylines,Mobile Video Slot by Quickspin
Video Slot,Spin Party Slot Review,Start at 5 Free Spins / Win Guaranteed on Each Spin,0.01 - 2.00,High,5 Reels / 10 Paylines,Mobile Video Slot by Play'nGo
5 Reels / 243 Paylines,Asian Beauty Slot Review,"Wilds, Scatters, Free Spins, Click Me Bonus",0.30 / 150,0.01 - 0.50,4% - 3%,Mobile Video Slot by Microgaming
Classic Slot,Jackpot Jester Wild Nudge Slot Review,None,0.01 - 2.00,Medium/High,5 Reels / 5 Paylines,Mobile Classic Slot by NextGen
Video Slot,Dazzle Me Slot Review,Up to 16 Free Spins / Linked Reels on Every Spin,0.01 - 1.00,Medium,5 Reels / 76 Paylines,Mobile Video Slot by NetEnt
5 Reels / 5 Paylines,Black Magic Fruits Slot Review,Big Bet Option giving you wilds and extra pays,0.10 / 500,0.02 - 100,4.98% - 3.89%,Mobile Classic Slot by Barcrest
5 Reels / 50 Paylines,Horn of Plenty Slot Review,,"1,875",0.50 / 50,Low,Mobile Video Slot
Video Slot,OMG! Kittens Slot Review,Minim of 5 / Guaranteed Win of at least 10x your bet,0.01 - 2.50,Medium,5 Reels / 40 Paylines,Mobile Video Slot by WMS
Video Slot,Reef Run Slot Review,Up to 60 Free Spins / Increasing Multipliers up to 20x,0.01 - 2.00,Medium/High,5 Reels / 20 Paylines,Mobile Video Slot by Yggdrasil
Video Slot,Candy King Slot Review,Up to 9 Free Spins / No Multipliers,0.02 - 20.00,Low,A few hundred / thousands at most,Mobile Video Slot by mFortune
5 Reels / 30 Paylines,Age of Spartans Slot Review,,"5,000",0.30 / 37.50,Low,Mobile Video Slot
5 Reels / 5 Paylines,The Dark Joker Rizes Slot Review,,"6,000",0.10 / 10,Low/Medium,Mobile Video Slot by Yggdrasil
Video Slot,Alien Farm Invasion Slot Review,,0.30 / 75,0.2 - 5.00,5 Reels / 15 Paylines,Mobile Video Slot by mFortune
Video Slot,Firehouse Hounds Slot Review,"Stacked Wilds, Free Spins",0.01 - 30,Low,3 Reels / 30 Paylines,Mobile Video Slot by IGT
Video Slot,Royal Masquerade Slot Review,Starts at 5 Free Spins / Guaranteed win on every spin,0.01 - 2.00,High,5 Reels / 10 Paylines,Mobile Video Slot by Play'nGo
Video Slot,DoublePlay SuperBet Slot Review,15 Free Spins / Enhanced reels get double the amount of multipliers,0.01,High,5 Reels / 25 Paylines,Mobile Video Slot by NextGen
Video Slot,Wheel of Fortune Triple Extreme Spin Slot Review,None,0.01 - 5.00,Medium,5 Reels / 720 Ways to Win,Mobile Video Slot by IGT
Video Slot,Lucky Gems Slot Review,,"7,500",0.10 / 50,5 Reels / All Ways Pay,Mobile Video Slot
Video Slot,Supe it Up Slot Review,Win up to 30 Free Spins / 6x Multipliers,0.01 - 0.20,Medium/High,5 Reels / 25 Paylines,Mobile Video Slot by Microgaming
5 Reels / 10 Paylines,Hot Frootastic Slot Review,,0.10 / 500,0.01 - 50,4.04%,Mobile Video Slot by Barcrest
Video Slot,Big Game Slot Review,"Spin in 16 Directions, Spin Hot & Cold",0.30 / 45,0.01 - 0.10,5 Reels / 30 Paylines,Mobile Video Slot
Video Slot,Party Island Slot Review,15 Free Spins / 3x Multiplier,0.01 - 1.00,Low,5 Reels / 9 Paylines,Mobile Video Slot by Microgaming
Video Slot,Double Happiness Slot Review,Up to 25 Free Spins / Roaming Wilds and (sometimes) 10x multiplier,0.01 - 2.00,Medium,5 Reels / 25 Paylines,Mobile Video Slot by Aristocrat
5 Reels / 5 Paylines,Cyrus The Virus Slot Review,,"80,000",0.10 / 40,Medium/High,Mobile Video Slot by Yggdrasil
Video Slot,Reel Force Five Slot Review,Up to 15 Free Spins / So many wilds,0.01 - 25.00,Low,5 Reels / 25 Paylines,Mobile Video Slot by CORE Gaming
Video Slot,Fish Party Slot Review,Up to 20 Free Spins / Stacked Symbols,0.01 - 0.05,Medium/High,5 Reels / 243 Paylines,Mobile Video Slot by Microgaming
5 Reels / 100 Paylines,Summer Holiday Slot Review,"Stacked Wilds, Free Spins, Scatters, Pick a Prize",1 / 50,0.01 -,2.86%,Mobile Video Slot by Microgaming
Video Slot,Gods of Giza Slot Review,8 Free Spins / 4 'rotations' per free spin,0.01 - 10.00,Medium,5 Reels / 20 Paylines,Mobile Video Slot by Genesis
Video Slot,Kings of Cash Slot Review,Up to 25 Free Spins /  2x Multipliers,0.01 - 0.25,Low/Medium,5 Reels / 15 Paylines,Mobile Video Slot by Microgaming
Video Slot,Cash Coaster Slot Review,"Stacked Wilds, Free Spins,",0.01 - 10,Low,5 Reels / 30 Paylines,Mobile Video Slot by IGT
Video Slot,Dr Lovemore Slot Review,"Wilds, Scatters, Free Spins",0.01 - 1.00,Low/Medium,3 Reels / 20 Paylines,Mobile Video Slot by Playtech
Video Slot,Mega Glam Life Slot Review,"916,875",Medium,3.71%,400 to 800 thousand,Mobile Video Slot by BetSoft
Video Slot,Neon Staxx Slot Review,Up to 10 free spin / One high paying symbol always stacked,0.20 - 0.5,Low,5 Reels / 40 Paylines,Mobile Video Slot by NetEnt
5 Reels / 25 Paylines,Crystal Forest Slot Review,,"93,750",0.25 / 125,Low/Medium,Mobile Video Slot by WMS
Video Slot,Event Horizon Slot Review,No Free Spins / No Multiplier,0.02 - 0.25,Medium/High,5 Reels / 243 Paylines,Mobile Video Slot by BetSoft
Video Slot,Champions Goal Slot Review,Stars at 7 Free Spins / Easier to trigger Bonuses,0.01 - 5.00,Low/Medium,5 Reels / 20 Paylines,Mobile Video Slot
Video Slot,Casino Zeppelin Slot Review,Up to 20 Free Spins / With Sticky Wilds,0.01 - 0.50,Medium/High,3 Reels / 20 Paylines,Mobile Video Slot by Yggdrasil
5 Reels / 40 Paylines,King Colossus Slot Review,,"12,000",0.40 / 120,3.43%,Mobile Video Slot by Quickspin
Video Slot,Cool Wolf Slot Review,Up to 25 Free Spins / 10 Multipliers,0.01 - 0.10,Low/Medium,5 Reels / 243 Paylines,Mobile Video Slot by Microgaming
Video Slot,Apollo Rising Slot Review,Up to 3 / Up to 3 Sticky Expanded Wilds,0.01 - 10,Medium,5 Reels / 100 Paylines,Mobile Video Slot by IGT
5 Reels / 25 Paylines,Jewel Blast Slot Review,,"50,000",0.25 / 100,3.48%,Mobile Video Slot by Quickspin
5 Reels / 10 Paylines,Barkin’ Mad Slot Review,,0.10 / 400,0.01 - 40.00,6% to 4%,Mobile Video Slot by Barcrest
Video Slot,Sherlock Mystery Slot Review,10 Free Spins / Extra Wilds with Random Multipliers,0.01 - 1.00,Low,5 Reels / 20 Paylines,Mobile Video Slot by Playtech
5 Reels / 25 Paylines,The Spin Lab Slot Review,Build your own of 27 free spin bonus,0.40 / 80,0.01 - 2.00,4.2% to 4%%,Mobile Video Slot by NextGen
5 Reels / 17 Paylines,Esqueleto Explosivo Slot Review,"Cascading Reels, Exploding Wilds, Increasing Multipliers",0.10 / 100,0.005 - 5.88,2.4%,Mobile Video Slot by Thunderkick
Video Slot,Cool Jewels Slot Review,"Extra Wilds, Free Spins, Multipliers",0.50 / 400,Low/Medium,6 Reels / All Ways Pay,Mobile Video Slot by WMS
Video Slot,Break Away Slot Review,Up to 25 Free Spins / 10 Multipliers,0.01 - 0.10,Low/Medium,3 Reels / 243 Paylines,Mobile Video Slot by Microgaming
Video Slot,An Evening with Holly Madison Slot Review,Get 10 Free Spins / Collect kisses for instant cash,0.01 - 2.00,Medium/High,5 Reels / 25 Paylines,Mobile Video Slot by NextGen
Video Slot,Gourmet Ranch Riches Slot Review,,0.10 / 200,Low/Medium,"10,000 times your bet",Mobile Video Slot
Video Slot,Dragon’s Myth Slot Review,"Wilds, Free Spins, Sticky Wilds, Scatters",0.20 / 400,0.01 - 20.00,5 Reels / 20 Paylines,Mobile Video Slot
About 200 times your bet,Super Fast Hot Hot Slot Review,,"300,000",0.25 / 250,5 Reels / 25 Paylines,Mobile Video Slot by iSoftBet
Video Slot,Monopoly Big Event Slot Review,"At least 10, usually more / Special wild features",0.01 - 25.00,Medium,5 Reels / 20 Paylines,Mobile Video Slot by WMS
Video Slot,Miss Red Slot Review,"End2End Symbols, Free Spins",0.01 - 30.00,Low,5 Reels / 1024 Ways to Win,Mobile Video Slot by IGT
Video Slot,Liquid Gold Slot Review,"Wilds, Scatters, Free Spins",0.20 / 100,0.01 - 0.50,5 Reels / 20 Paylines,Mobile Video Slot by Microgaming
Video Slot,Sushi Yum Yum Extra Wasabi Slot Review,,0.60 / 500,Medium/High,5 Reels / 720 Ways to Win,Mobile Video Slot by IGT
Video Slot,Bingo Billions Slot Review,Get up to 20 Free Spins / 3x Multiplier,0.01 - 2.00,Low/Medium,5 Reels / 25 Paylines,Mobile Video Slot by NextGen
Video Slot,Golden Legend Slot Review,"400,000",Medium/High,3.5%,"4,000 times your bet",Mobile Video Slot by Play'nGo
Video Slot,Dracula Touch Slot Review,10 Free Spins / Stacked symbols on every spin,0.01 - 1.00,Low/Medium,5 Reels / 40 Paylines,Mobile Video Slot by NetEnt
Video Slot,Big Bad Wolf Slot Review,Starts with 10 Free Spins / Build up to a 2x Multiplier,0.01 - 5.00,Low/Medium,5 Reels / 25 Paylines,Mobile Video Slot by Quickspin
Video Slot,Sevens High Slot Review,"Free Re-Spins, Free Spins, Extra Wilds",0.01 - 4.00,Low/Medium,5 Reels / 25 Paylines,Mobile Video Slot by Quickspin
Video Slot,Gorilla Go Wild Slot Review,10 Free Spins with Multiplier & Wilds,0.01 - 2.00,Medium/High,5 Reels / 25 Paylines,Mobile Video Slot by NextGen
Video Slot,Miss White Slot Review,"End2End symbols, free spins",0.01 - 30,Low,5 Reels / 1024 Ways to Win,Mobile Video Slot by IGT
5 Reels / 20 Paylines,Amazon Queen Slot Review,,0.20 / 60,0.01 - 3.00,4.06%,Mobile Video Slot by WMS
5 Reels / 25 Paylines,The Oddventurers Slot Review,,0.25 / 25,0.01 - 1.00,3.94%,Mobile Video Slot
Video Slot,White King Slot Review,"Stacked Wilds, Free Spins, Scatter",0.40 / 16,0.01 - 0.40,5 Reels / 40 Paylines,Mobile Video Slot by Playtech
Jackpot changes according to your bet level,Super Lucky Reels Slot Review,"Instant cash, Extra Multiplier, Free Spins",Technically 0.05 but really 0.75  / 75,0.01 - 1.00,5 Reels / 5 Paylines,Mobile Classic Slot by iSoftBet
Video Slot,Tower Quest Slot Review,5 Free Spins / With Special Wilds,0.01 - 1.00,Low/Medium,5 Reels / 20 Paylines,Mobile Video Slot by Play'nGo
Video Slot,Epic City Slot Review,"Click Me Bonus, Free Spins, Wilds, Scatters",0.01 - 1.00,Low,5 Reels / 20 Paylines,Mobile Video Slot
Video Slot,Natural Powers Slot Review,5 - 15 Free Spins / 10x - 2x Multipliers,0.01 - 3.00,Low/Medium,5 Reels / 40 Paylines,Mobile Video Slot by IGT
Video Slot,Boogie Monsters Slot Review,"Wilds, Scatter, Free Spins, Click Me Bonus, Multipliers",0.40 / 200,0.01 - 0.50,5 Reels / 40 Paylines,Mobile Video Slot by Microgaming
5 Reels / 40 Paylines,Magic Mushrooms Slot Review,,0.40 / 20,0.01 - 0.50,3.6%,Mobile Video Slot by Yggdrasil
Video Slot,Rhyming Reels: Georgie Porgie Slot Review,Up to 25 Free Spins / 5x Multipliers,0.01 - 0.10,Medium,5 Reels / 15 Paylines,Mobile Video Slot by Microgaming
Video Slot,Vegas Party Slot Review,No free spins / no multiplier,0.01 - 0.05,Medium/High,5 Reels / 243 Paylines,Mobile Video Slot by NetEnt
Video Slot,MegaJackpots Cleopatra Slot Review,15 Free Spins / 3X Multiplier,Medium,11.02 - 6.97%,Over 1 million in cash,Mobile Video Slot by IGT
5 Reels / 15 Paylines,Best of British Slot Review,,0.15 / 15,0.01 - 1.00,3.4%,Mobile Video Slot by Nektan
5 Reels / 20 Paylines,Elf & Safety Slot Review,Free Spins & Wilds,"0.20 / 1,000",0.01 - 50,4.54%,Mobile Video Slot by Nektan
Video Slot,Lucky Leprechaun Slot Review,Starts at 5 free spins / Starts at 2x Multiplier,0.01 - 0.10,Medium,5 Reels / 20 Paylines,Mobile Video Slot by Microgaming
Video Slot,Ooh Aah Dracula Slot Review,Up to 15 Free Spins / Extra Wild Symbols,0.01 - 50.00,Medium,5 Reels / 10 Paylines,Mobile Video Slot by Barcrest
Video Slot,Aloha Island Slot Review,5 Free Spins / Richer Reels,0.01 - 10.00,Low/Medium,5 Reels / 50 Paylines,Mobile Video Slot by Bally Technologies
Video Slot,Easter Eggs Slot Review,Up to 10 / Up to 6x Multiplier,0.01 - 1.00,Low,5 Reels / 20 Paylines,Mobile Video Slot by Play'nGo
5 Reels / 50 Paylines,Bruce Lee Slot Review,"Stacked wilds, scatters, expanded wilds, free spins,",0.30 / 60,0.01 - 2.00,3.96%,Mobile Video Slot by WMS
Video Slot,Castle Builder Slot Review,"Build Castles, Pick Suitors, Get Instant Cash",0.05 - 2.00,Low,3.53,Mobile Video Slot
Video Slot,Spinata Grande Slot Review,5 Free Spins + Collossal Wilds / No Multipliers,0.01 - 1.00,Low/Medium,5 Reels / 40 Paylines,Mobile Video Slot by NetEnt
Video Slot,50 Dragons Slot Review,"Free Spins, Stacked Symbols, Stacked Wilds",0.01 - 2.00,Medium,5 Reels / 50 Paylines,Mobile Video Slot by Aristocrat
Video Slot,Secret Admirer Slot Review,"Wilds, Scatters, Free Spins",0.09 / 90,0.01 - 1.00,5 Reels / 9 Paylines,Mobile Video Slot by Microgaming
5 Reels / 20 Paylines,Dragon Slot Slot Review,"Expanding Wilds, Free Spins, Multipliers",0.20 / 200,0.01 - 10.00,4.93%%,Mobile Video Slot by Leander Games
Video Slot,Cricket Star Slot Review,25 Free Spins / Up to 10x Multiplier,0.01 - 0.10,Low,5 Reels / 243 Paylines,Mobile Video Slot by Microgaming
Video Slot,Miss Midas Slot Review,Up to 25 Free Spins / Extra Replicating Wilds,0.01 - 2.00,Medium/High,5 Reels / 25 Paylines,Mobile Video Slot by NextGen
Video Slot,Masques of San Marco Slot Review,6 Free Spins / Richer Reels & 60 Paylines,0.01 - 30.00,Low,5 Reels / 40 Paylines,Mobile Video Slot by IGT
Video Slot,MegaJackpots Siberian Storm Slot Review,96 Free Spins / in-built Multipliers,Medium,11.02 - 6.97%,Generally hits around 1 million,Mobile Video Slot by IGT
Video Slot,Prowling Panther Slot Review,"Wilds, Multipliers & Free Spins",0.01 - 50,High,5 Reels / 720 Ways to Win,Mobile Video Slot by IGT
Video Slot,Miss Kitty Slot Review,10 Free Spins / Sticky Wilds,0.01 - 2.00,Medium,5 Reels / 50 Paylines,Mobile Video Slot by Aristocrat
Video Slot,Troll’s Tale Slot Review,Up to 10 Free Spins / No Multipliers,0.01 - 50,Low,5 Reels / 20 Paylines,Mobile Video Slot
Video Slot,Tornado Farm Escape Slot Review,Unlimited / Instant Cash Wins,0.01 - 1.00,Medium,5 Reels / 20 Paylines,Mobile Video Slot by NetEnt
Video Slot,Thai Paradise Slot Review,"Wild Scatters, Free Spins with Mystery Scatter",0.01 - 1.00,High,5 Reels / 15 Paylines,Mobile Video Slot by Playtech
5 Reels / 20 Paylines,Ali Baba Slot Review,"Expanding Wilds, Free Spins, Multipliers",0.20 / 200,0.01 - 10.00,4.93%,Mobile Video Slot by Leander Games
Video Slot,Plenty O’Fortune Slot Review,"Free Spins, Wilds, Stacked Symbols, Click me Bonus",0.01 - 0.40,Medium/High,5 Reels / 20 Paylines,Mobile Video Slot by Playtech
Video Slot,Big Kahuna Slot Review,2x Click Me Bonus Games,0.45 / 22.50,0.5 - 0.50,5 Reels / 9 Paylines,Mobile Video Slot by Microgaming
5 Reels / 50 Paylines,The Three Musketeers Slot Review,,Up to 24 free spins / No Extra Multipliers,0.50 / 50,Low/Medium,Mobile Video Slot by Playtech
5 Reels / 243 Paylines,Choy Sun Doa Slot Review,,0.25 / 50,0.01 - 2.00,5%,Mobile Video Slot by Aristocrat
Video Slot,Sure Win Slot Review,"Wilds, Scatters, Free Spins",0.25 / 125,0.01 - 0.25,5 Reels / 25 Paylines,Mobile Video Slot by Microgaming
Video Slot,Wild Birthday Blast Slot Review,,0.30 / 60,0.01 - 2.00,5 Reels / 30 Paylines,Mobile Video Slot
Video Slot,The Invisible Man Slot Review,"Roaming wilds, Free Spins, Click Me Feature, Free Re-spins",0.20 / 100,0.01 - 0.50,5 Reels / 20 Paylines,Mobile Video Slot by NetEnt
Video Slot,Santa Paws Slot Review,12 Free Spins / Up to 7x Multiplier,0.01 - 0.50,Low/Medium,5 Reels / 20 Paylines,Mobile Video Slot by Microgaming
Classic Slot,Jackpot 6000 Slot Review,"6,000",Medium,4.9% - 1.1%,"6,000",Mobile Classic Slot by NetEnt
Video Slot,Foxin’ Wins Again Slot Review,10 Free Spins / 2x Multipliers,0.01 - 2,Medium/High,5 Reels / 50 Paylines,Mobile Video Slot by NextGen
Video Slot,Vegas Hits Slot Review,Multiple Free Spins up to 8 / Lots of Extras,0.01 - 10.00,Low/Medium,5 Reels / 40 Paylines,Mobile Video Slot by Bally Technologies
Video Slot,Electric Sam Slot Review,"Wild, Free Spins, Scatters",0.20 / 100,0.02 - 1.00,5 Reels / 243 Paylines,Mobile Video Slot
Video Slot,Game of Thrones Slot Review,Up to 18 free spins / up to 5x Multipliers,0.01 - 0.10,Medium,5 Reels / 15 Paylines,Mobile Video Slot by Microgaming
Video Slot,Pharaohs Fortune Slot Review,Starts at 3 Free Spins / Starts at 1x Multiplier,0.01 - 30.00,Medium,5 Reels / 15 Paylines,Mobile Video Slot by IGT
Video Slot,Volcano Eruption Slot Review,5 Free Spins / Expanded Wild,0.01 - 2.00,Low/Medium,5 Reels / 25 Paylines,Mobile Video Slot by NextGen
Video Slot,Bubble Craze Slot Review,"Free Spins, Multipliers, Transform Bubbles",0.01 - 20.00,Low/Medium,5 Reels / All Ways Pay,Mobile Video Slot by IGT
Video Slot,Jack and the Beanstalk Slot Review,10 Free Spins + / Collection of Expanding Wilds,0.01 - 0.50,Medium/High,5 Reels / 20 Paylines,Mobile Video Slot by NetEnt
Video Slot,Judge Dredd Slot Review,"Extra Wilds, Free Spins, Scatters",0.01 - 2.00,Low/Medium,5 Reels / 25 Paylines,Mobile Video Slot by NextGen
6 Reels / 192 Paylines,Zeus 3 Slot Review,,"250,000",0.40 / 80,3.81%,Mobile Video Slot by WMS
5 Reels / 100 Paylines,Fire Queen Slot Review,"Wilds, Expanding wilds, Extra Wilds, Free Spins",0.50 / 100,0.01 - 2.00,4%,Mobile Video Slot by WMS
Video Slot,Merry Xmas Slot Review,No Free Spins / No Multipliers,0.01 - 0.25,Medium,5 Reels / 15 Paylines,Mobile Video Slot by Play'nGo
6 Reels / 4096 Ways to Win,Raging Rhino Slot Review,,"250,000",0.40 / 60,4.09%,Mobile Video Slot by WMS
Video Slot,Buster Safe Slot Review,"150,000",Low,3.3%,Progressive - into the tens of thousands,Mobile Video Slot by mFortune
Video Slot,Crazy Cows Slot Review,Up to 50 (but generally around 15) / Up to 5x Multiplier (but generally 2x),0.01 - 1.00,Low/Medium,5 Reels / 15 Paylines,Mobile Video Slot by Play'nGo
Video Slot,Geisha Story Slot Review,Free Spins,0.01 - 1.00,Low/Medium,5 Reels / 15 Paylines,Mobile Video Slot by Playtech
5 Reels / 15 Paylines,The Lab Slot Review,,0.15 / 90,0.01 - 0.10,3.7%,Mobile Video Slot
Video Slot,Titan Storm Slot Review,"Wilds, Scatters, Free Spins",0.01 - 2.00,High,5 Reels / 243 Paylines,Mobile Video Slot by NextGen
Video Slot,Golden Ticket Slot Review,10 Free Spins / Increasing Multipliers,None - set,Low/Medium,5 Reels / All Ways Pay,Mobile Video Slot by Play'nGo
3 Reels / 40 Paylines,Mega Joker Slot Review,,"32,000",0.40 / 80,Medium/High,Mobile Classic Slot by Novomatic
Video Slot,Pearls of India Slot Review,Start with 10 / up to 20x Multiplier,0.01 - 1.00,Medium/High,5 Reels / 20 Paylines,Mobile Video Slot by Play'nGo
Video Slot,Once Upon a Time Slot Review,Starts at 5 Free Spins / No Multipliers,0.02 - 1.00,Low,5 Reels / 30 Paylines,Mobile Video Slot by BetSoft
Video Slot,Reel King Slot Review,2000,Low/Medium,6%,500x your bet,Mobile Video Slot by Novomatic
Video Slot,Sweet Party Slot Review,No Free Spins / No Multipliers,1.00 - 10.00,Medium,Progressive - 1 Million up,Mobile Video Slot by Playtech
5 Reels / 30 Paylines,Alice Adventure Slot Review,,"60,000",0.30 / 6,Low/Medium,Mobile Video Slot by iSoftBet
Video Slot,Mayan Riches Slot Review,5 Free Spins / Richer Reels,0.01 - 10.00,Medium,5 Reels / 40 Paylines,Mobile Video Slot by IGT
Video Slot,South Park Reel Chaos Slot Review,Unlimited / up to 4x Multipliers,0.01 - 0.5,Low/Medium,5 Reels / 20 Paylines,Mobile Video Slot by NetEnt
Video Slot,Caesar & Cleopatra Slot Review,"Click Me Feature, Free Spins & Wilds",0.10 - 1.00,Low,Progressive - into the hundreds,Mobile Video Slot by mFortune
Video Slot,Wild West Slot Review,Up to 25 Free Spins / Stacked Scatters,0.01 - 2.00,Low/Medium,5 Reels / 10 Paylines,Mobile Video Slot by NextGen
5 Reels / 30 Paylines,Ninja Chef Slot Review,,"300,000",0.30 / 300,Low/Medium,Mobile Video Slot by iSoftBet
Video Slot,King Kong Slot Review,,0.20 / 20,0.01 - 1.00,5 Reels / 20 Paylines,Mobile Video Slot by Playtech
Video Slot,Book of Ra Slot Review,10 Free Spins / Expanding Scatter Symbols,0.04 - 4.00,High,5 Reels / 9 Paylines,Mobile Video Slot by Novomatic
5 Reels / 25 Paylines,Halloween Horrors Slot Review,,0.25 / 62.50,0.01 - 0.50,3.7%,Mobile Video Slot
Video Slot,Streak of Luck Slot Review,Up to 60 Free Spins / 2x Multiplier,0.01 - 0.40,Low/Medium,650x your bet,Mobile Video Slot by Playtech
Video Slot,Mayan Treasures Slot Review,Start with 5 Free Spins / Up to 5x Multiplier,0.01 - 10.00,Low/Medium,5 Reels / 40 Paylines,Mobile Video Slot by Bally Technologies
Video Slot,Monty Python’s Spamalot Slot Review,10 Free Spins / Extra Wilds,0.01 - 1.00,Low/Medium,"Progressive starting at 50,000",Mobile Video Slot by Playtech
Classic Slot,Mystery Joker Slot Review,10 Free Spins / Scatters are active,0.10 - 20,Medium,5 Reels / 5 Paylines,Mobile Classic Slot by Play'nGo
Varies according to bet size. Between 500x to 800x you bet.,Absolute Super Reels Slot Review,"Instant cash, Extra Multiplier, Free Spins",Technically 0.05 but really 0.75 / 37.50,0.01 - 0.50,5 Reels / 5 Paylines,Mobile Classic Slot by iSoftBet
5 Reels / 30 Paylines,Illusions 2 Slot Review,,"36,000",0.20 / 4,Low/Medium,Mobile Video Slot by iSoftBet
Progressive Jackpot,Basic Instinct Slot Review,"Stacked Wilds, Free Spins & Click Me Feature",0.50 / 50,0.01 - 0.10,5 Reels / 243 Paylines,Mobile Video Slot by iSoftBet
Video Slot,Lady Robin Hood Slot Review,10 Free Spins / 2x Multiplier + Expanded Wilds,0.01 - 10.00,Low,5 Reels / 40 Paylines,Mobile Video Slot by Bally Technologies
Video Slot,Wolf Rising Slot Review,Stacked Wild & Free Spins,0.01 - 5.00,Medium/High,5 Reels / 100 Paylines,Mobile Video Slot by IGT
Video Slot,It Came From Venus! Slot Review,"15,000",Low,4.2%,Progressive Jackpot,Mobile Video Slot by BetSoft
5 Reels / 243 Paylines,Cash Spin Slot Review,"Click Me, Instant Cash, Stacked Wilds & Free Spins",0.40 / 40,0.01 - 1.00,5.85%,Mobile Video Slot by Bally Technologies
Progressive Jackpot,Jazz of New Orleans Slot Review,"Wilds, Scatters, Free Spins, Gamble Feature",0.01 - 2.00,Low/Medium,5 Reels / 5 Paylines,Mobile Video Slot by Play'nGo
Video Slot,Wild Wolf Slot Review,5 Free Spins / Richer Reels / No Multipliers,0.01 - 20,Medium,5 Reels / 50 Paylines,Mobile Video Slot by IGT
Progressive Jackpot,Mr Toad Slot Review,No Free Spins / No Multipliers,0.01 - 2.00,Low,5 Reels / 5 Paylines,Mobile Video Slot by Play'nGo
Video Slot,Age of Discovery Slot Review,"Wilds, Scatter and Click Me Bonus",0.25 / 125,0.01 - 0.50,5 Reels / 25 Paylines,Mobile Video Slot by Microgaming
5 Reels / 20 Paylines,It Came From the Moon! Slot Review,"Wilds, Scatters, Click Me Feature",0.20 / 10,0.01 - 2.00,4.88%,Mobile Video Slot by Realistic Games
5 Reels / 25 Paylines,Bars & Stripes Slot Review,,"47,500",0.25 / 250,Low,Mobile Video Slot by Microgaming
Video Slot,The Avengers (Marvel) Slot Review,At least 9 Free Spins / Multipliers Vary,Medium/High,3.99%,4 Progressive Marvel Jackpots,Mobile Video Slot by Playtech
Video Slot,Owl Eyes Slot Review,"Stacked Wilds, Scatters & Free Spins",0.01 - 2.00,Low,5 Reels / 50 Paylines,Mobile Video Slot by NextGen
Progressive into the tens of thousands,Monster Smash Slot Review,"Wilds, Scatters, Free Spins, Wheel of Fortune",0.01 - 2.00,Low,5 Reels / 5 Paylines,Mobile Video Slot by Play'nGo
Video Slot,Plants Vs Zombies Slot Review,"500,000",Low/Medium,5.32%,Progressive into the hundreds of thousands,Mobile Video Slot
Video Slot,Havana Cubana Slot Review,5 Free Spins / 3x Multiplier,0.01 - 1.00,Medium,5 Reels / 40 Paylines,Mobile Video Slot by Bally Technologies
Video Slot,Black Widow Slot Review,"7 Free Spins / Up to 1,000x your total bet",0.01 - 30,Low/Medium,3 Reels / 40 Paylines,Mobile Video Slot by IGT
Video Slot,Mystic Dreams Slot Review,Up to 20 Free Spins (usually 10) / Up to 24xMultiplier (Usually 3x),0.01 - 0.20,Medium,5 Reels / 243 Paylines,Mobile Video Slot by Microgaming
Video Slot,Dr. Jekyll & Mr. Hyde Slot Review,"Average of about 8/10 Free Spins, No Multipliers",0.02 - 1.00,Low,5 Reels / 30 Paylines,Mobile Video Slot by BetSoft
3 Progressive Jackpots,Gem Drop Slot Review,No Free Spins / No Multipliers,0.01 - 5.00,Low,5 Reels / 10 Paylines,Mobile Video Slot by Play'nGo
Video Slot,Blood Suckers (Touch) Slot Review,10 Free Spins / 3x Multiplier,0.01 - 0.50,Low/Medium,5 Reels / 25 Paylines,Mobile Video Slot by NetEnt
Video Slot,Bush Telegraph Slot Review,10 Free Spins / 3x Multiplier,0.01 - 1.00,Low,5 Reels / 15 Paylines,Mobile Video Slot by Microgaming
Video Slot,The Grand Journey Slot Review,"Stacked wilds, Expanded Wilds, Scatters and Free Spins",0.30 / 60,0.01 - 0.10,5 Reels / 30 Paylines,Mobile Video Slot by Microgaming
Video Slot,The Marvellous Mr Green Slot Review,"Indefinite (from 10 to 20 usually) / 2x, 4x and 6x Multiplier",0.01 - 0.05,Medium,5 Reels / 20 Paylines,Mobile Video Slot by NetEnt
Video Slot,Mega Fortune Dreams (Touch) Slot Review,"200,000",Low/Medium,4.1% - 3.6%,Progressive - Into the millions,Mobile Video Slot by NetEnt
Video Slot,Merlin’s Magic Respins Slot Review,7 Free Spins / Extra Wilds & Respins,0.01 - 0.50,High,5 Reels / 50 Paylines,Mobile Video Slot by NextGen
Video Slot,Medusa II Slot Review,10 Free Spins / Guaranteed Locked Reels,0.01 - 2.00,Medium/High,5 Reels / 243 Paylines,Mobile Video Slot by NextGen
Video Slot,Cash Wizard Slot Review,15 Free Spins / 3x Multiplier,Low,6.01%,200x your bet,Mobile Video Slot by Bally Technologies
Video Slot,Piggy Riches Slot Review,9 - 26 Free Spins / 2 - 6 Multipliers,0.01 - 0.05,Medium,5 Reels / 15 Paylines,Mobile Video Slot by NetEnt
Video Slot,Fruit Zen Slot Review,No Free Spins / No Multipliers,0.01 - 0.50,Low,5 Reels / 10 Paylines,Mobile Video Slot by BetSoft
Video Slot,1Can 2Can Slot Review,10 Free Spins / Extra Wilds - No Mulipliers,0.01 - 2.00,Low/Medium,5 Reels / 25 Paylines,Mobile Video Slot by NextGen
500x your bet,Dazzling Diamonds Slot Review,Scatters & Adjacent Pays,0.40 / 40,0.04 - 4.00,5 Reels / 10 Paylines,Mobile Video Slot by Novomatic
5 Reels / 10 Paylines,Power Stars Slot Review,,"60,000",0.30 / 30,Medium/High,Mobile Video Slot by Novomatic
Video Slot,Quick Hit Platinum Slot Review,"150,000",Low/Medium,5.94%,"5,000x your bet",Mobile Video Slot by Bally Technologies
Video Slot,Big Vegas Slot Review,5 Free Spins / 3x Multiplier,0.01 - 1.00,Medium,5 Reels / 40 Paylines,Mobile Video Slot by Bally Technologies
Video Slot,Western Belles Slot Review,5 Free Spins / Richer Reels,Low/Medium,7.15% to 3.67%,25 million coins max payout,Mobile Video Slot by IGT
"2,000x Your Bet",Riverboat Gambler Slot Review,15 Free Spins  / 3x Multiplier,0.01 - 0.50,Medium,5 Reels / 20 Paylines,Mobile Video Slot by Realistic Games
3D Video Slot,Gypsy Rose Slot Review,"Free Spins, Stick Wilds, Expanding Wilds, Click Me Bonus",0.02 - 1.00,Low/Medium,5 Reels / 30 Paylines,Mobile 3D Video Slot by BetSoft
Video Slot,Enchanted Crystals Slot Review,12 Free Spins / Extra Wilds with 2x Multipliers,0.20 - 50.00,Low/Medium,5 Reels / 243 Paylines,Mobile Video Slot by Play'nGo
Video Slot,Golden Tour Slot Review,No Free Spins or Multipliers,0.01 - 1.00,Low/Medium,5 Reels / 5 Paylines,Mobile Video Slot by Playtech
Video Slot,300 Shields Slot Review,Up to 20 Free Spins / Up to 300x Multiplier,High,4.7%,"300,000 coins",Mobile Video Slot by NextGen
Video Slot,Mad Hatters Slot Review,Up to 50 Free Spins / 2x Multiplier,0.01 - 0.10,Low,5 Reels / 30 Paylines,Mobile Video Slot by Microgaming
Video Slot,Leprechaun Goes Egypt Slot Review,"Click Me Feature, Free Spins, Scatters & Wilds",0.01 - 1.00,Low/Medium,5 Reels / 20 Paylines,Mobile Video Slot by Play'nGo
Video Slot,Beach Babes Slot Review,"Wilds, Scatters and Free Spins",0.25 / 50,0.01 - 0.20,5 Reels / 25 Paylines,Mobile Video Slot by Microgaming
Video Slot,A While on The Nile Slot Review,5 Free Spins / Up to 10x Multipliers,0.01 - 0.50,High,5 Reels / 50 Paylines,Mobile Video Slot by NextGen
Video Slot,Wild Huskies Slot Review,Up to 50 Free Spins / 3x Multiplier,0.01 - 1.00,Low,5 Reels / 40 Paylines,Mobile Video Slot by Bally Technologies
Video Slot,Cupid & Psyche Slot Review,"Stacked Wilds, Scatters & Free Spins",0.01 - 1.00,Medium,5 Reels / 40 Paylines,Mobile Video Slot by Bally Technologies
Video Slot,Football Carnival Slot Review,"Stacked Symbols, Wilds, Scatters & Free Spins",0.50 / 50,0.01 - 1.00,5 Reels / 50 Paylines,Mobile Video Slot by Playtech
Video Slot,Pink Panther Slot Review,"Wilds, Scatters, Free Spins and Random Mini-Games",0.01 - 1.00,Low,Progressive Jackpot,Mobile Video Slot by Playtech
5 Reels / 10 Paylines,Lord of the Ocean Slot Review,"Wilds, Scatters & Free Spins",0.40 / 40,0.04 - 4,4.88%,Mobile Video Slot by Novomatic
Classic Slot,Jackpot Jester 50000 Slot Review,No Free Spins / No Multipliers,Medium,4.92%,"50,000",Mobile Classic Slot by NextGen
Video Slot,Football Star Slot Review,Up to 25 Free Spins / Up to 10x Multiplier,0.01 - 0.10,Low/Medium,5 Reels / 243 Paylines,Mobile Video Slot by Microgaming
Video Slot,Lights (Touch) Slot Review,Up to 30 Free Spins / Extra Wilds on the reels,0.01 - 1.00,Low,5 Reels / 9 Paylines,Mobile Video Slot by NetEnt
Video Slot,Extra Cash Slot Review,Up to 20 free spins / Extra wilds but no multipliers,0.01,Low/Medium,5 Reels / 50 Paylines,Mobile Video Slot by NextGen
Video Slot,Highway Kings Slot Review,"20,000",Medium/High,5.01%,"180,000",Mobile Video Slot by Playtech
Video Slot,Dragon Drop Slot Review,8 Free Spins / 2x Multiplier,0.01 - 2.00,Medium,5 Reels / 25 Paylines,Mobile Video Slot by NextGen
Video Slot,Which Witch Slot Review,Up to 100 Free Spins / No Multipliers,0.10 - 1.00,Low,Progressive Jackpot,Mobile Video Slot by mFortune
Video Slot,Golden Goddess Slot Review,7 Free Spins / No Multipliers,0.01 - 3.00,Low,5 Reels / 40 Paylines,Mobile Video Slot by IGT
Video Slot,Aliens (Touch) Slot Review,15 Free Spins / Numerous Multipliers,0.01 - 1.00,Low/Medium,5 Reels / 15 Paylines,Mobile Video Slot by NetEnt
5 Reels / 10 Paylines,Just Jewels Deluxe Slot Review,,0.40 / 40,0.04 - 4.00,95.42%,Mobile Video Slot by Novomatic
Video Slot,Fairy Queen Slot Review,10 Free Spins / No Multipliers but win on every spin,0.04 - 4.00,High,5 Reels / 10 Paylines,Mobile Video Slot by Novomatic
Video Slot,Sushi Bar Slot Review,up to 20 Free Spins / 2x Multiplier,0.02 - 1.00,Low,5 Reels / 25 Paylines,Mobile Video Slot by BetSoft
Video Slot,Chinese New Year Slot Review,"Wilds, Scatters, Free Spins & Gamble feature",0.01 - 0.25,Low/Medium,5 Reels / 15 Paylines,Mobile Video Slot by Play'nGo
Video Slot,Cluedo Classic Slot Review,15 Free Spins / 3x Multiplier,0.01 - 10.00,Medium,5 Reels / 20 Paylines,Mobile Video Slot by IGT
Video Slot,Dolphin’s Pearl Deluxe Slot Review,"Wild, Scatters & Free Spins",0.04 - 4,Medium/High,5 Reels / 10 Paylines,Mobile Video Slot by Novomatic
Video Slot,Lady of Fortune Slot Review,No Free Spins / Multipliers,0.01 - 1.00,Medium,5 Reels / 15 Paylines,Mobile Video Slot by Play'nGo
Video Slot,Madder Scientist Slot Review,"Wild, Pick Me Bonus, Reel Respins,",0.02 - 1.00,Low,5 Reels / 30 Paylines,Mobile Video Slot by BetSoft
Video Slot,High Society Slot Review,Up to 20 Free Spins / Up to 10x Multipliers,0.01 - 0.10,Medium,5 Reels / 25 Paylines,Mobile Video Slot by Microgaming
5 Reels / 5 Paylines,Sizzling Hot Deluxe Slot Review,,0.40 / 40,0.08 - 8.00,95.66%,Mobile Video Slot by Novomatic
Classic Slot,Eagle’s Wings Slot Review,Up to 60 free spins / 3x multiplier,0.01 - 0.25,Medium,5 Reels / 25 Paylines,Mobile Classic Slot by Microgaming
3D Video Slot,More Gold Diggin’ Slot Review,Free Spins with Multipliers,0.02 - 1.00,Low/Medium,5 Reels / 25 Paylines,Mobile 3D Video Slot by BetSoft
3D Video Slot,The Curious Machine Slot Review,"12,500",Low,4.5%,March 2014 (on mobile),Mobile 3D Video Slot by BetSoft
Video Slot,Big Bang (Touch) Slot Review,No Free Spins,0.01 - 0.50,Low,5 Reels / 25 Paylines,Mobile Video Slot by NetEnt
3D Video Slot,Under the Sea Slot Review,"Wilds, Free Spins & Click Me Bonus",0.02 - 1.00,Low,5 Reels / 30 Paylines,Mobile 3D Video Slot by BetSoft
5 Reels / 10 Paylines,Lucky Lady’s Charm Deluxe Slot Review,,0.40 / 40,0.04 – 4,3%,Mobile Video Slot by Novomatic
"12,800,000",Book of Ra Deluxe Slot Review,Scatter Wilds and Free Spins,0.04 - 4,Medium/High,5 Reels / 10 Paylines,Mobile Video Slot by Novomatic
Video Slot,Siberian Storm Slot Review,"Wilds, Scatters & Free Spins",0.50 / 500,Medium,5 Reels / 720 Ways to Win,Mobile Video Slot by IGT
Video Slot,Unicorn Legend Slot Review,10 to 20 Free spins / 2 to 12 x Multipliers,0.01 - 2.00,Medium,5 Reels / 25 Paylines,Mobile Video Slot by NextGen
3D Video Slot,"Good Girl, Bad Girl Slot Review",Varying / No Multipliers,0.02 - 1.00,Medium,Progressive Jackpot,Mobile 3D Video Slot by BetSoft
Video Slot,The Twisted Circus Slot Review,13 Free Spins / 3x Multipliers,0.01 - 0.20,Medium,5 Reels / 243 Paylines,Mobile Video Slot by Microgaming
Video Slot,Mayan Princess Slot Review,Wilds & Free Spins,0.20 / 40,0.01 - 0.20,5 Reels / 20 Paylines,Mobile Video Slot by Microgaming
Video Slot,Twin Spin (Touch) Slot Review,No Free Spins / No Multipliers,0.01 - 0.05,Medium/High,5 Reels / 243 Paylines,Mobile Video Slot by NetEnt
Video Slot,Puppy Love Slot Review,,"50,000",0.40 / 100,5 Reels / 20 Paylines,Mobile Video Slot by BetSoft
Video Slot,Easy Slider Slot Review,,"12,000",0.25 / 50,5 Reels / 25 Paylines,Mobile Video Slot by NextGen
Video Slot,Burger Man Slot Review,"Click Me, Free Spins, Wilds",0.90 / 9,0.10 - 1.00,Progressive Jackpot,Mobile Video Slot by mFortune
Video Slot,Mega Fortune (Touch) Slot Review,"108,100 in cash (not including progressive jackpot)",Medium,3.4%,Progressive Jackpot,Mobile Video Slot by NetEnt
5 Reels / 5 Paylines,Money Bee Slot Review,,10 Free Spins / No Multipliers,"5,000",0.10 - 5.00,Mobile Video Slot by iGaming2Go
Video Slot,Transformers: Battle for Cybertron Slot Review,"Mystery Symbols, Cascading Reels and Free Spins",0.01 - 3.00,Low/Medium,5 Reels / 40 Paylines,Mobile Video Slot by IGT
Video Slot,Monopoly Dream Life Slot Review,Up to 16 Free Spins / no multipliers,Low/Medium,5.56%,"25,000,000 (yeap, 25 million cash, not coins)",Mobile Video Slot by IGT
Video Slot,Potion Commotion Slot Review,Free Spins,0.20 / 40,0.01 - 2.00,5 Reels / 20 Paylines,Mobile Video Slot by NextGen
5 Reels / 30 Paylines,Deck the Halls Slot Review,Free Spins & Stacked Symbols,0.30 / 300,0.01 - 0.24,4% - 5%,Mobile Video Slot by Microgaming
3D Video Slot,The True Sheriff Slot Review,10 -15 Free Spins / Instant Wins,0.02 - 1.00,Low,5 Reels / 30 Paylines,Mobile 3D Video Slot by BetSoft
5 Reels / 30 Paylines,True Illusions Slot Review,"Free Spins, Click Me & Expanded Wild",0.60 / 150,0.2 - 1.00,4.66%,Mobile 3D Video Slot by BetSoft
3D Video Slot,A Night in Paris Slot Review,,0.60 / 150,0.02 - 1.00,5 Reels / 30 Paylines,Mobile 3D Video Slot by BetSoft
Progressive Jackpot,Vegas Vegas Slot Review,,9 Free Spins / No Multipliers,0.90 / 9.00,5 Reels / 9 Paylines,Mobile Classic Slot by mFortune
Video Slot,Crown of Egypt Slot Review,"Wild, Scatters & Free Spins",0.01 - 100,Low/Medium,5 Reels / 1024 Ways to Win,Mobile Video Slot by IGT
"5,000 Coins",Dungeons & Dragons: Crystal Caverns Slot Review,"Wilds, Tumbling Reels & Free Spins",0.01 - 300,Low/Medium,5 Reels / 20 Paylines,Mobile Video Slot by IGT
Video Slot,South Park (Touch) Slot Review,10 Free Spins / up to 10x Multiplier,Medium,3.3%,"£/$/€69,500",Mobile Video Slot by NetEnt
Video Slot,Magic Portals (Touch) Slot Review,10 Free Spins / Extra Portals for more Wilds,0.01 - 1.00,Low/Medium,5 Reels / 25 Paylines,Mobile Video Slot by NetEnt
3D Video Slot,Greedy Goblins Slot Review,25 Free Spins / up to 10X Multiplier,Low,2.8%,Progressive Jackpot,Mobile 3D Video Slot by BetSoft
5 Reels / 50 Paylines,Grand Monarch Slot Review,,0.50 / 500,0.01 to 10.00,5.03%,Mobile Video Slot by IGT
Classic Slot,Break da Bank Slot Review,No Free Spins / Multipliers,1.00 - 25.00 coins,Medium/High,3 Reels / 5 Paylines,Mobile Classic Slot by Microgaming
5 Reels / 40 Paylines,Wolf Run Slot Review,,0.40 / 400,0.01 - 10.00,5.02%,Mobile Video Slot by IGT
5 Reels / 99 Paylines,Pixies of the Forest Slot Review,,0.33 / 990,0.01,5.08%,Mobile Video Slot by IGT
5 Reels / 30 Paylines,Kitty Glitter Slot Review,,0.30 / 150,0.01 - 5.00,5.08%,Mobile Video Slot by IGT
"£/$/€ 96,240",Reel Rush Touch Slot Review,8 Free Spins / 3125 ways to win,0.01 - 0.20,Medium,5 Reels / 3125 Ways to Win,Mobile Video Slot by NetEnt
"2,500,000 Coins",Thunderstruck II Slot Review,25 Free Spins / Varying Multipliers,0.01 - 0.05,Medium,5 Reels / 243 Paylines,Mobile Video Slot by Microgaming
"25,000,000",Treasures of Troy Slot Review,"Multi-Way Extra, Wilds and Free Spins",0.01 - 10.00,Medium,5 Reels / 1024 Ways to Win,Mobile Video Slot by IGT
"4,000 coins",Foxin’ Wins Slot Review,,"0.50  with superbet level 2, 0.35  with superbet 1 and 0.25 with no superbet / £/$/€100 with superbet level 2, £/$/€75 with superbet 1 and £/$/€50 with no superbet",0.01 - 2.00,5 Reels / 25 Paylines,Mobile Video Slot by NextGen
5 Reels / 20 Paylines,Frankenstein Touch Slot Review,Connecting Wilds,0.20 / 100,0.01 - 0.50,3.3%,Mobile Video Slot by NetEnt
5 Reels / 15 Paylines,Fruit Shop Slot Review,Wilds & Free Spins Round,0.15 / 150,0.01 to 1.00,3.3%,Mobile Video Slot by NetEnt
"12,500 Coins",Rooks Revenge Slot Review,,20 Free Spins / 10X Multiplier,0.50 / 62.50,5 Reels / 25 Paylines,Mobile 3D Video Slot by BetSoft
"2,500 Coins",Safari Sam Slot Review,,10 Free Spins / 2X Multiplier,0.60 / 150,5 Reels / 30 Paylines,Mobile 3D Video Slot by BetSoft
"5,000 Coins",Ninja Fruits Slot Review,"Yes - Click Me, Gamble Feature, Free Spins",0.01 to 0.25,High,5 Reels / 15 Paylines,Mobile Video Slot by Play'nGo
"3,645,000 Coins",Immortal Romance Slot Review,25 Free Spins / Varying Multipliers,0.01 - 0.02,Medium,5 Reels / 243 Paylines,Mobile Video Slot by Microgaming
"105,000 Coins",Under the Bed Slot Review,,12 Free Spins / 2x Multiplier,0.02 - 75.00,5 Reels / 10 Paylines,Mobile Video Slot by BetSoft
Video Slot,Disco Spins Slot Review,"230,000",Low/Medium,3.6%,"30,000 Coins",Mobile Video Slot by NetEnt
"5,000 Coins",Rich Wilde and the Aztec Idols Slot Review,,0.15 / 18.75,0.01 - 0.25,5 Reels / 20 Paylines,Mobile Video Slot by Play'nGo
"4,500",Cat & Mouse Slot Review,,Yes,9 Free Spins / No Multipliers,5 Reels / 9 Paylines,Mobile Classic Slot by mFortune
"70,000 Coins",Mad Mad Monkey Slot Review,,Yes,10 Free Spins / 3x Multipliers,5 Reels / 50 Paylines,Mobile Video Slot by NextGen
"5,000 Coins",Merlin’s Millions Slot Review,,Yes,5 Free Spins / No Multipliers,5 Reels / 50 Paylines,Mobile Video Slot by NextGen
5 Reels / 30 Paylines,The Slotfather Slot Review,,20 Free Spins / 7x Multipliers,0.60 / 150.00,4.31%,Mobile Video Slot by BetSoft
Progressive Jackpot,At the Copa Slot Review,Yes,0.02 - 75.00,Medium,5 Reels / 30 Paylines,Mobile Video Slot by BetSoft
3 Reels / 3 Paylines,Fruit Machine Slot Review,,Holds,"4,500",0.10 - 3.30,Mobile Classic Slot by mFortune
"4,500 Coins",Monte Carlo Slot Review,,Yes,9 Free Spins / No Multipliers,5 Reels / 9 Paylines,Mobile Classic Slot by mFortune
"4,500 Coins",Pirates Treasure Slot Review,,Yes,9 Free Spins / No Multipliers,5 Reels / 9 Paylines,Mobile Classic Slot by mFortune
Progressive Jackpot,Snakes & Ladders Slot Review,,Yes - Snakes and Ladders Mini Game & Free Spins,9 Free Spins / No Multipliers,5 Reels / 9 Paylines,Mobile Classic Slot by mFortune
5 Reels / 25 Paylines,Genie Wild Slot Review,,Free Spins & Expanding Wilds,10 Free Spins / No Multipliers,0.01 - 2.00,Mobile Video Slot by NextGen
5 Reels / 15 Paylines,Lucky Angler Slot Review,"Sticky Wild, Scatters & Free Spins,",0.30 / 150,0.01 - 0.05,3.6%,Mobile Video Slot by NetEnt
"30,000 Coins",Wild Blood Slot Review,Yes,0.01 - 18.75,Medium,5 Reels / 15 Paylines,Mobile Video Slot by Play'nGo
"10,000 Coins",Agent Jane Blonde Slot Review,Free Spins  & Gamble Feature,0.02 - 2.00,Low/Medium,5 Reels / 9 Paylines,Mobile Video Slot by Microgaming
5 Reels / 243 Paylines,Burning Desire Slot Review,Yes,0.25 / 250,0.01 - 1.00,4%,Mobile Video Slot by Microgaming
"225,000 Coins plus 4 Progressive Jackpots",Mega Moolah Slot Review,Yes,0.01 - 0.05,Low,5 Reels / 25 Paylines,Mobile Video Slot by Microgaming
"2,500 Coins",Riches of Ra Slot Review,Yes,0.01 - 0.25,High,5 Reels / 15 Paylines,Mobile Video Slot by Play'nGo
"10,000 Coins",Irish Eyes Slot Review,,Yes,12 Free Spins / 3X Multiplier,5 Reels / 25 Paylines,Mobile Video Slot by NextGen
"2,500 Coins",Enchanted Meadow Slot Review,,0.01 - 5.00,Medium,5 Reels / 20 Paylines,Mobile Video Slot by Play'nGo
Progressive Jackpot,Mr Vegas Slot Review,,Yes,12 Free Spins / 2X Multiplier,5 Reels / 30 Paylines,Mobile Video Slot by BetSoft
"5,000 Coins",Dragon Ship Slot Review,Yes,0.01 - 0.25,High,5 Reels / 15 Paylines,Mobile Video Slot by Play'nGo
5 Reels / 20 Paylines,Gonzo’s Quest Slot Review,"Wilds, Tumbling Reels & Free Spins",0.20 / 50,0.01 - 1.00,4%,Mobile Video Slot by NetEnt
5 Reels / 20 Paylines,Fortune Teller Slot Review,,0.20 / 25.00,0.01 - 0.05,5.83%,Mobile Video Slot by Play'nGo
"12,500 Coins",Jolly Roger Slot Review,,No Free Spins or Multipliers,0.25 - 1.25,5 Reels / 15 Paylines,Mobile Video Slot by Play'nGo
5 Reels / 20 Paylines,Pearl Lagoon Slot Review,,"5,000 Coins",0.20 / 25,3.12%,Mobile Video Slot by Play'nGo
5 Reels / 15 Paylines,Mermaids Millions Slot Review,Yes,0.30 / 150.00,0.02 - 2.00,3.5%,Mobile Video Slot by Microgaming
5 Reels / 25 Paylines,Jack Hammer (Touch) Slot Review,"Sticky Wins, Wilds, Scatters & Free Spins",0.25 / 250,0.01 to 1.00,3%,Mobile Video Slot by NetEnt
5 Reels / 10 Paylines,Starburst (Touch) Slot Review,Starburst Wilds & Free Respins,0.10 / 100,0.01 to 1.00,3.9%,Mobile Video Slot by NetEnt
Video Slot,Starmania Slot Review,10 Free Spins / Extra Stacked Wilds,0.01 - 2.00,Low/Medium,5 Reels / 10 Paylines,Mobile Video Slot by NextGen
Video Slot,Elementium Slot Review,,0.10 / 12.50,0.01 - 0.25,5 Reels / 10 Paylines,Mobile Video Slot
Video Slot,Flux Slot Review,"Free Spins, Stacked Wilds, Extra Rows",Low/Medium,3.8%,"36,000",Mobile Video Slot by Thunderkick
Video Slot,Esmeralda Slot Review,"Free Spins, Wilds, Stacked Scatters",0.01 - 1.00,Medium/High,5 Reels / 25 Paylines,Mobile Video Slot by Playtech
Video Slot,Magicious Slot Review,Up to 3 Respins / Expanded Wilds,0.01 - 10.00,Low,5 Reels / 10 Paylines,Mobile Video Slot by Thunderkick
Video Slot,Razortooth Slot Review,,0.25 / 100,Medium,5 Reels / 243 Paylines,Mobile Video Slot by Quickspin
Video Slot,Bridesmaids Slot Review,10 Free Spins / Additional Bonuses,0.01 - 0.10,Medium,5 Reels / 40 Paylines,Mobile Video Slot by Microgaming
Video Slot,Taxi Slot Review,Starts with 10 Free Spins / Extra Wilds,0.01 - 5.00,Medium,5 Reels / 25 Paylines,Mobile Video Slot by Leander Games
5 Reels / 20 Paylines,Draglings Slot Review,"Expanding Wilds, Spreading Wilds, Win Both Ways, Free Spins",0.20 / 40,0.005 - 1.00,5.6%,Mobile Video Slot by Yggdrasil
Video Slot,Doubles Slot Review,Up to 40 Free Spins / One Double Symbol Always,0.01 - 2.00,Low/Medium,5 Reels / 243 Paylines,Mobile Video Slot by Yggdrasil
Video Slot,Thor Slot Review,"80,000 on a single payline",Medium,4.5%,4 Progressive Jackpots,Mobile Video Slot by Playtech
Video Slot,Sherlock Slot Review,up to 9 Free Spins / No Multipliers,0.02 - 11.00,Low/Medium,A few thousands,Mobile Video Slot by mFortune
Video Slot,Arcader Slot Review,"Expanding Symbols, Wilds, Free Spins, Click Me Bonus, Sticky Wilds",0.20 / 100,Medium/High,5 Reels / 15 Paylines,Mobile Video Slot by Thunderkick
Video Slot,Gunsmoke Slot Review,,0.40 / 160,0.02 - 8.00,5 Reels / 20 Paylines,Mobile Video Slot
5 Reels / 25 Paylines,Rocky Slot Review,,0.25 / 10,0.01 - 0.40,12% - 4%,Mobile Video Slot by Playtech
Video Slot,Glow Slot Review,Mutliplie Free Spins / Up to 4x Multipliers,0.01 - 1.00,Medium,5 Reels / 15 Paylines,Mobile Video Slot by NetEnt
Video Slot,SunTide Slot Review,15 Free Spins / Expanded Wilds on 3 Reels,0.01 - 0.50,Medium,5 Reels / 9 Paylines,Mobile Video Slot by Microgaming
Video Slot,Titanic Slot Review,Up to 30 Free Spins / Up to 5x Multiplier,0.01 - 2.50,Medium,5 Reels / 25 Paylines,Mobile Video Slot by Bally Technologies
5 Reels / 20 Paylines,Extinction Slot Review,"Stacked wilds, free spins, scatters",0.20 / 20,0.01 - 1.00,4.85%,Mobile Video Slot
5 Reels / 20 Paylines,Heroic Slot Review,Wilds and Free Spins,"0.20 / 1,000",0.01 - 50,4.54%,Mobile Video Slot by Nektan
Video Slot,Pyrons Slot Review,No Free Spins or Multipliers,0.01,Medium,5 Reels / 20 Paylines,Mobile Video Slot by Yggdrasil
5 Reels / 30 Paylines,Montezuma Slot Review,"Free spins, scatters, wilds, multipliers",0.30 / 60,0.01 - 2.00,4.18%,Mobile Video Slot by WMS
5 Reels / 30 Paylines,Platoon Slot Review,,"9,000",0.30 / 300,Low,Mobile Video Slot by iSoftBet
5 Reels / 40 Paylines,Sinbad Slot Review,,0.40 / 80,0.01 - 2.00,2.97%,Mobile Video Slot by Quickspin
5 Reels / 20 Paylines,Kronos Slot Review,"Wilds, Free Spins, Scatters",0.20 / 60,0.01 - 3.00,4.06%,Mobile Video Slot by WMS
5 Reels / 25 Paylines,Zorro Slot Review,,"0.35 with Zorro Bonus, 0.25 without / 75 with Zorro Bonus, 50 without",0.01 - 2.00,4.5%,Mobile Video Slot by Aristocrat
"25,000",Akaneiro Slot Review,"Click Me, Free Spins, Wilds",0.01 - 1.00,Low,5 Reels / 25 Paylines,Mobile Video Slot
Video Slot,Stickers Slot Review,1 Free spin on each wild,0.01 - 1.00,Low/Medium,5 Reels / 20 Paylines,Mobile Video Slot by NetEnt
5 Reels / 30 Paylines,Zeus Slot Review,"Wilds, Scatters, Free Spins",0.30 / 150,0.01 - 5.00,4.03%,Mobile Video Slot by WMS
Video Slot,Psycho Slot Review,Up to 20 Free Games / Up to 40x Multiplier,0.01 - 2.00,Medium/High,5 Reels / 25 Paylines,Mobile Video Slot by NextGen
Video Slot,Harveys Slot Review,30 Free Spins / 25x Multipliers,0.01 - 0.20,Medium,5 Reels / 25 Paylines,Mobile Video Slot by Microgaming
Video Slot,Chibeasties Slot Review,"Scatters, Wilds, Expanded Eymbols",0.01 - 2.00,Medium,5 Reels / 20 Paylines,Mobile Video Slot by Yggdrasil
5 Reels / 25 Paylines,Firestorm Slot Review,"Sticky Wilds, Staked Wilds, Multipliers, Re-Spins",0.25 / 100,0.01 - 4.00,3.43%,Mobile Video Slot by Quickspin
Video Slot,Ragnarok Slot Review,"Wilds, Scatter, Free Spins, Click Me Bonus",0.01 - 2.00,Low/Medium,5 Reels / 25 Paylines,Mobile Video Slot by Genesis
Video Slot,Cashville Slot Review,None,0.01 - 0.20,Medium,5 Reels / 20 Paylines,Mobile Video Slot by Microgaming
Video Slot,Sparks Slot Review,None,0.01 - 2.00,Low,5 Reels / 20 Paylines,Mobile Video Slot by NetEnt
Video Slot,Ariana Slot Review,15 Free Spins / No Multipliers,0.01 - 0.50,Low/Medium,5 Reels / 25 Paylines,Mobile Video Slot by Microgaming
Video Slot,Illuminous Slot Review,Starts at 5 Free Spins / Extra Wilds on Reels,0.01,Low,5 Reels / 40 Paylines,Mobile Video Slot by Quickspin
3D Video Slot,Lost Slot Review,"Reel Re-Spin, Click Me Feature, Expanded Wild",0.02 - 1.00,Low,5 Reels / 30 Paylines,Mobile 3D Video Slot by BetSoft
Video Slot,Robotnik Slot Review,No Free Spins / No Multipliers,0.01,Low/Medium,5 Reels / 40 Paylines,Mobile Video Slot by Yggdrasil
Video Slot,Heist Slot Review,Interchangeable (mostly around 5 to 8) / No Multipliers,0.02 - 1.00,Low,5 Reels / 30 Paylines,Mobile Video Slot by BetSoft
500x your overall bet,Snapshot Slot Review,10 Free Spins / Random 2x Multiplier,0.01 - 2.00,Low/Medium,5 Reels / 20 Paylines,Mobile Video Slot by Realistic Games
Video Slot,Summertime Slot Review,15 Free Spins / 3x Multiplier,0.01 - 1.00,Medium,5 Reels / 9 Paylines,Mobile Video Slot by Microgaming
Video Slot,Hitman Slot Review,18 Free Spins / 2x Multipliers,0.01 - 0.25,Low/Medium,5 Reels / 15 Paylines,Mobile Video Slot by Microgaming
Video Slot,Fruitoids Slot Review,Sticky Wins & Multipliers,"0.0032 (yes this is correct, we didn't have a stroke) - 2",Medium,5 Reels / 25 Paylines,Mobile Video Slot by Yggdrasil
"20,000 your line bet",Bejeweled Slot Review,No Free Spins / No Multipliers,0.01 - 10.00,Low,5 Reels / 10 Paylines,Mobile Video Slot
Video Slot,Kathmandu Slot Review,15 Free Spins / Random Multiplier up to 5x,0.01 - 0.50,Low,5 Reels / 9 Paylines,Mobile Video Slot by Microgaming
5 Reels / 100 Paylines,Spartacus Slot Review,"Stacked Symbols, Stacked Wilds, Free Spins",0.50 / 250,0.01 - 5.00,4.06%,Mobile Video Slot by WMS
Video Slot,Gemix Slot Review,Cascading Reels,0.01 - 10,Low,5 Reels / All Ways Pay,Mobile Video Slot by Play'nGo
5 Reels / 25 Paylines,Lucky88 Slot Review,,0.30 / 60,0.01 - 2.00,3%,Mobile Video Slot by Aristocrat
Video Slot,SugarPop! Slot Review,,0.01 - 1.00,Low,5 Reels / All Ways Pay,Mobile Video Slot by BetSoft
Video Slot,Gold Slot Review,"Scatters, Wilds & Free Spins",0.20 / 500,0.01 - 25.00,5 Reels / 20 Paylines,Mobile Video Slot by Microgaming
Video Slot,Robyn Slot Review,12 Free Spins / Extra Wilds,0.25 - 25.00,Low,5 Reels / 243 Paylines,Mobile Video Slot
Video Slot,Pandamania Slot Review,10 Free Spins / 2x Multiplier,0.01 - 2.00,Low,5 Reels / 25 Paylines,Mobile Video Slot by NextGen
Video Slot,Balloonies Slot Review,"Wilds, Multipliers, & Free Spins",0.01 - 30.00,Low/Medium,5 Reels / 20 Paylines,Mobile Video Slot by IGT
Video Slot,Pimped Slot Review,Up to 20 Free Spins / Guaranteed win every time,0.01 - 2.00,Medium/High,5 Reels / 10 Paylines,Mobile Video Slot by Play'nGo
3D Video Slot,Extreme Slot Review,,"50,000",0.20 / 50,5 Reels / 20 Paylines,Mobile 3D Video Slot by Sheriff Gaming
3 Reels / 5 Paylines,5xMagic Slot Review,"Scatters, Wilds & Multipliers",0.50 / 25,0.10 - 1.00,4.58%,Mobile Classic Slot by Play'nGo
Classic Slot,Seven’s Slot Review,,"6,000",1 / 20,3 Reels / 5 Paylines,Mobile Classic Slot by iGaming2Go
Video Slot,Battleship Slot Review,"Scatter, Expanded Wilds and Free Spins",0.01 - 10,Medium,5 Reels / 40 Paylines,Mobile Video Slot by IGT
3D Video Slot,Energoonz Slot Review,Up to 20 Free Spins / Up to 5x Multiplier,Low,3.27%,"40,000",Mobile 3D Video Slot by Play'nGo
"15,000 Coins",Victorious Slot Review,25 Free Spins / 3X Multiplier,0.01 - 0.50,Low,5 Reels / 243 Paylines,Mobile Video Slot by NetEnt
"150,000 Coins",Thunderstruck Slot Review,15 Free Spins / 3X Multiplier,0.18 - 90.00,Medium/High,5 Reels / 9 Paylines,Mobile Video Slot by Microgaming
5 Reels / 20 Paylines,Myth Slot Review,,15 Free Spins / 3X Mulitplier,"5,000 Coins",0.01 to 5.00,Mobile Video Slot by Play'nGo
"121,500 in cash",Playboy Slot Review,"Wilds, Scatters & 4 Free Spin Rounds",0.01 - 0.10,Medium,5 Reels / 243 Paylines,Mobile Video Slot by Microgaming
"100,000 Coins",Subtopia Slot Review,Varied amount of Free Spins / Up to 6X Multiplier,0.01 - 0.50,Medium,5 Reels / 20 Paylines,Mobile Video Slot by NetEnt
"560,000 Coins",Loaded Slot Review,26 Free Spins / No Multiplier,0.01 - 0.25,Low/Medium,5 Reels / 25 Paylines,Mobile Video Slot by Microgaming
"75,000 Coins",Flowers Slot Review,30 Free Spins / 10X Multiplier,0.01 - 75.00,Medium/High,5 Reels / 30 Paylines,Mobile Video Slot by NetEnt
"2,500 Coins",Boomanji Slot Review,,3 Free Spins / No Multipliers,0.02 - 50.00,5 Reels / 10 Paylines,Mobile Video Slot by BetSoft
"6,000,000 Coins",Cashapillar Slot Review,"Wilds, Scatters, Free Spins and Gamble Feature",0.01 - 0.02,Low/Medium,5 Reels / 100 Paylines,Mobile Video Slot by Microgaming
"25, 000, 000 Coins",Cleopatra Slot Review,1 Bonus Round,0.01 - 10.00,Low/Medium,5 Reels / 20 Paylines,Mobile Video Slot by IGT
